{
  "ok": true,
  "status": 200,
  "data": {
    "separation": [0.743613535807683, 0.256386464192317],
    "checkout": [0.743613535807683, 0.256386464192317],
    "shipper": [0.743613535807683, 0.256386464192317]
  }
}
